data,chengjiaojia
2006/7/5,3.78
2006/7/6,3.72
2006/7/7,3.68
2006/7/10,3.7
2006/7/11,3.75
2006/7/12,3.7
2006/7/13,3.59
2006/7/14,3.59
2006/7/17,3.57
2006/7/18,3.57
2006/7/19,3.5
2006/7/20,3.51
2006/7/21,3.51
2006/7/24,3.46
2006/7/25,3.48
2006/7/26,3.45
2006/7/27,3.48
2006/7/28,3.45
2006/7/31,3.35
2006/8/1,3.31
2006/8/2,3.36
2006/8/3,3.34
2006/8/4,3.29
2006/8/7,3.24
2006/8/8,3.27
2006/8/9,3.26
2006/8/10,3.28
2006/8/11,3.27
2006/8/14,3.24
2006/8/15,3.28
2006/8/16,3.31
2006/8/17,3.29
2006/8/18,3.27
2006/8/21,3.27
2006/8/22,3.28
2006/8/23,3.27
2006/8/24,3.28
2006/8/25,3.27
2006/8/28,3.3
2006/8/29,3.28
2006/8/30,3.28
2006/8/31,3.26
2006/9/1,3.24
2006/9/4,3.25
2006/9/5,3.27
2006/9/6,3.29
2006/9/7,3.26
2006/9/8,3.28
2006/9/11,3.3
2006/9/12,3.37
2006/9/13,3.35
2006/9/14,3.34
2006/9/15,3.47
2006/9/18,3.44
2006/9/19,3.43
2006/9/20,3.38
2006/9/21,3.39
2006/9/22,3.34
2006/9/25,3.33
2006/9/26,3.32
2006/9/27,3.34
2006/9/28,3.32
2006/9/29,3.33
2006/10/9,3.4
2006/10/10,3.35
2006/10/11,3.35
2006/10/12,3.33
2006/10/13,3.36
2006/10/16,3.35
2006/10/17,3.34
2006/10/18,3.36
2006/10/19,3.34
2006/10/20,3.35
2006/10/23,3.31
2006/10/24,3.36
2006/10/25,3.37
2006/10/26,3.39
2006/10/27,3.3
2006/10/30,3.26
2006/10/31,3.27
2006/11/1,3.3
2006/11/2,3.28
2006/11/3,3.32
2006/11/6,3.34
2006/11/7,3.36
2006/11/8,3.33
2006/11/9,3.35
2006/11/10,3.37
2006/11/13,3.38
2006/11/14,3.42
2006/11/15,3.43
2006/11/16,3.66
2006/11/17,3.65
2006/11/20,3.7
2006/11/21,3.68
2006/11/22,3.68
2006/11/23,3.75
2006/11/24,3.68
2006/11/27,3.6
2006/11/28,3.58
2006/11/29,3.6
2006/11/30,3.64
2006/12/1,3.63
2006/12/4,3.7
2006/12/5,3.67
2006/12/6,3.61
2006/12/7,3.62
2006/12/8,3.63
2006/12/11,3.72
2006/12/12,3.85
2006/12/13,3.8
2006/12/14,3.85
2006/12/15,3.86
2006/12/18,3.92
2006/12/19,4.05
2006/12/20,4.02
2006/12/21,3.99
2006/12/22,4
2006/12/25,4.3
2006/12/26,4.4
2006/12/27,4.49
2006/12/28,4.94
2006/12/29,5.43
2007/1/4,5.65
2007/1/5,5.07
2007/1/8,5.09
2007/1/9,5.18
2007/1/10,5.11
2007/1/11,4.93
2007/1/12,4.73
2007/1/15,4.99
2007/1/16,4.94
2007/1/17,4.89
2007/1/18,4.76
2007/1/19,4.85
2007/1/22,5.02
2007/1/23,5.12
2007/1/24,5.03
2007/1/25,4.79
2007/1/26,4.85
2007/1/29,4.99
2007/1/30,4.96
2007/1/31,4.96
2007/2/1,4.85
2007/2/2,4.66
2007/2/5,4.42
2007/2/6,4.61
2007/2/7,4.65
2007/2/8,4.6
2007/2/9,4.54
2007/2/12,4.64
2007/2/13,4.64
2007/2/14,4.75
2007/2/15,4.94
2007/2/16,4.95
2007/2/26,4.98
2007/2/27,4.61
2007/2/28,4.79
2007/3/1,4.65
2007/3/2,4.71
2007/3/5,4.68
2007/3/6,4.84
2007/3/7,4.86
2007/3/8,4.87
2007/3/9,5.03
2007/3/12,5.08
2007/3/13,5.03
2007/3/14,4.91
2007/3/15,4.97
2007/3/16,5
2007/3/19,5.29
2007/3/20,5.28
2007/3/21,5.31
2007/3/22,5.25
2007/3/23,5.2
2007/3/26,5.22
2007/3/27,5.19
2007/3/28,5.32
2007/3/29,5.67
2007/3/30,5.55
2007/4/2,5.65
2007/4/3,5.69
2007/4/4,5.63
2007/4/5,5.69
2007/4/6,5.63
2007/4/9,5.67
2007/4/10,5.88
2007/4/11,5.89
2007/4/12,5.83
2007/4/13,5.76
2007/4/16,5.82
2007/4/17,5.75
2007/4/18,5.67
2007/4/19,5.42
2007/4/20,5.52
2007/4/23,5.64
2007/4/24,5.59
2007/4/25,5.76
2007/4/26,5.74
2007/4/27,5.63
2007/4/30,5.62
2007/5/8,5.66
2007/5/9,6.1
2007/5/10,6.14
2007/5/11,6.09
2007/5/14,6.13
2007/5/15,5.85
2007/5/16,5.9
2007/5/17,5.91
2007/5/18,5.82
2007/5/21,5.75
2007/5/22,5.76
2007/5/23,5.84
2007/5/24,5.87
2007/5/25,5.8
2007/5/28,5.84
2007/5/29,5.9
2007/5/30,5.48
2007/5/31,5.72
2007/6/1,5.62
2007/6/4,5.1
2007/6/5,5.19
2007/6/6,5.18
2007/6/7,5.2
2007/6/8,5.16
2007/6/11,5.2
2007/6/12,5.19
2007/6/13,5.39
2007/6/14,5.28
2007/6/15,5.29
2007/6/18,5.36
2007/6/19,5.35
2007/6/20,5.22
2007/6/21,5.23
2007/6/22,5.09
2007/6/25,5
2007/6/26,5.04
2007/6/27,5.1
2007/6/28,5.02
2007/6/29,5.02
2007/7/2,5.05
2007/7/3,5.1
2007/7/4,5.02
2007/7/5,4.86
2007/7/6,4.99
2007/7/9,5.06
2007/7/10,5.1
2007/7/11,5.18
2007/7/12,5.17
2007/7/13,5.14
2007/7/16,5.03
2007/7/17,5.13
2007/7/18,5.16
2007/7/19,5.14
2007/7/20,5.29
2007/7/23,5.42
2007/7/24,5.37
2007/7/25,5.49
2007/7/26,5.46
2007/7/27,5.4
2007/7/30,5.47
2007/7/31,5.43
2007/8/1,5.3
2007/8/2,5.32
2007/8/3,5.47
2007/8/6,5.47
2007/8/7,5.43
2007/8/8,5.85
2007/8/9,5.82
2007/8/10,5.81
2007/8/13,6.31
2007/8/14,6.2
2007/8/15,6.19
2007/8/16,5.95
2007/8/17,5.76
2007/8/20,6.1
2007/8/21,6.19
2007/8/22,6.09
2007/8/23,6.1
2007/8/24,6.16
2007/8/27,6.2
2007/8/28,6.09
2007/8/29,5.94
2007/8/30,6.01
2007/8/31,6.04
2007/9/3,6.1
2007/9/4,6.12
2007/9/5,6.2
2007/9/6,6.39
2007/9/7,6.19
2007/9/10,6.18
2007/9/11,5.92
2007/9/12,5.92
2007/9/13,5.95
2007/9/14,5.97
2007/9/17,6
2007/9/18,6
2007/9/19,5.94
2007/9/20,5.96
2007/9/21,5.95
2007/9/24,5.94
2007/9/25,5.84
2007/9/26,5.76
2007/9/27,5.87
2007/9/28,5.93
2007/10/8,6.3
2007/10/9,6.23
2007/10/10,6.46
2007/10/11,6.65
2007/10/12,6.48
2007/10/15,6.54
2007/10/16,7.05
2007/10/17,6.97
2007/10/18,6.69
2007/10/22,6.53
2007/10/23,6.79
2007/10/24,6.69
2007/10/25,6.45
2007/10/26,6.62
2007/10/29,6.89
2007/10/30,7.17
2007/10/31,7.15
2007/11/1,7.48
2007/11/2,7.48
2007/11/5,7.19
2007/11/6,7.1
2007/11/7,7.37
2007/11/8,7.09
2007/11/9,7.19
2007/11/12,7.06
2007/11/13,6.94
2007/11/14,7.14
2007/11/15,7.15
2007/11/16,7.08
2007/11/19,6.98
2007/11/20,6.99
2007/11/21,6.84
2007/11/22,6.61
2007/11/23,6.7
2007/11/26,6.63
2007/11/27,6.53
2007/11/28,6.28
2007/11/29,6.58
2007/11/30,6.45
2007/12/3,6.49
2007/12/4,6.58
2007/12/5,6.7
2007/12/6,6.66
2007/12/7,6.69
2007/12/10,6.69
2007/12/11,6.67
2007/12/12,6.57
2007/12/13,6.44
2007/12/14,6.49
2007/12/17,6.27
2007/12/18,6.27
2007/12/19,6.4
2007/12/20,6.43
2007/12/21,6.49
2007/12/24,6.59
2007/12/25,6.54
2007/12/26,6.53
2007/12/27,6.65
2007/12/28,6.61
2008/1/2,6.64
2008/1/3,6.67
2008/1/4,6.67
2008/1/7,6.65
2008/1/8,6.7
2008/1/9,6.7
2008/1/10,6.68
2008/1/11,6.91
2008/1/14,6.9
2008/1/15,6.77
2008/1/16,6.59
2008/1/17,6.48
2008/1/18,6.53
2008/1/21,6.25
2008/1/23,6.07
2008/1/24,5.88
2008/1/25,5.97
2008/1/28,5.56
2008/1/29,5.61
2008/1/30,5.53
2008/1/31,5.42
2008/2/1,5.34
2008/2/4,5.71
2008/2/5,5.65
2008/2/11,6.28
2008/2/13,5.57
2008/2/14,5.63
2008/2/15,5.56
2008/2/19,5.79
2008/2/20,5.65
2008/2/21,5.6
2008/2/22,5.51
2008/2/25,5.38
2008/2/26,5.51
2008/2/27,5.62
2008/2/28,5.55
2008/2/29,5.54
2008/3/3,5.61
2008/3/4,5.52
2008/3/5,5.54
2008/3/6,5.61
2008/3/7,5.55
2008/3/10,5.44
2008/3/11,5.47
2008/3/12,5.38
2008/3/13,5.28
2008/3/14,5.2
2008/3/17,5.06
2008/3/18,4.92
2008/3/19,5.03
2008/3/20,5.06
2008/3/21,5.05
2008/3/24,4.95
2008/3/25,5.01
2008/3/26,5.02
2008/3/27,4.92
2008/3/28,5.1
2008/3/31,5.01
2008/4/1,4.89
2008/4/2,5.03
2008/4/3,5.15
2008/4/7,5.24
2008/4/8,5.2
2008/4/9,4.99
2008/4/10,5.06
2008/4/11,5.05
2008/4/14,4.86
2008/4/15,4.88
2008/4/16,4.82
2008/4/17,4.7
2008/4/18,4.51
2008/4/21,4.61
2008/4/22,4.65
2008/4/23,4.78
2008/4/24,5.21
2008/4/25,5.06
2008/4/28,4.97
2008/4/29,5.09
2008/4/30,5.24
2008/5/5,5.27
2008/5/6,5.17
2008/5/7,5.01
2008/5/8,5.05
2008/5/9,5
2008/5/12,5
2008/5/13,4.94
2008/5/14,5.04
2008/5/15,5
2008/5/16,4.96
2008/5/19,4.92
2008/5/20,4.78
2008/5/21,4.85
2008/5/22,4.78
2008/5/23,4.8
2008/5/26,4.72
2008/5/27,4.73
2008/5/28,4.82
2008/5/29,4.73
2008/5/30,4.76
2008/6/2,4.82
2008/6/3,4.77
2008/6/4,4.72
2008/6/5,4.71
2008/6/6,4.7
2008/6/10,4.33
2008/6/11,4.31
2008/6/12,4.2
2008/6/13,4.19
2008/6/16,4.19
2008/6/17,4.17
2008/6/18,4.3
2008/6/19,4.05
2008/6/20,4.2
2008/6/23,4.17
2008/6/24,4.24
2008/6/25,4.39
2008/6/26,4.35
2008/6/27,4.05
2008/6/30,4.05
2008/7/1,3.98
2008/7/2,4.01
2008/7/3,4.03
2008/7/4,4.02
2008/7/7,4.17
2008/7/8,4.16
2008/7/9,4.3
2008/7/10,4.23
2008/7/11,4.18
2008/7/14,4.19
2008/7/15,4.06
2008/7/16,3.98
2008/7/17,3.97
2008/7/18,4.04
2008/7/21,4.08
2008/7/22,4.09
2008/7/23,4.06
2008/7/24,4.11
2008/7/25,4.06
2008/7/28,4.1
2008/7/29,4.03
2008/7/30,4.04
2008/7/31,3.99
2008/8/1,4.05
2008/8/4,3.98
2008/8/5,3.95
2008/8/6,3.99
2008/8/7,4
2008/8/8,3.83
2008/8/11,3.64
2008/8/12,3.65
2008/8/13,3.59
2008/8/14,3.58
2008/8/15,3.6
2008/8/18,3.46
2008/8/19,3.47
2008/8/20,3.79
2008/8/21,3.65
2008/8/22,3.68
2008/8/25,3.65
2008/8/26,3.56
2008/8/27,3.62
2008/8/28,3.65
2008/8/29,3.7
2008/9/1,3.58
2008/9/2,3.57
2008/9/3,3.56
2008/9/4,3.56
2008/9/5,3.48
2008/9/8,3.52
2008/9/9,3.52
2008/9/10,3.57
2008/9/11,3.48
2008/9/12,3.49
2008/9/16,3.17
2008/9/17,2.97
2008/9/18,3.03
2008/9/19,3.36
2008/9/22,3.7
2008/9/23,3.68
2008/9/24,3.64
2008/9/25,3.7
2008/9/26,3.67
2008/10/2,3.66
2008/10/6,3.49
2008/10/7,3.5
2008/10/8,3.34
2008/10/9,3.32
2008/10/10,3.11
2008/10/13,3.32
2008/10/14,3.21
2008/10/15,3.23
2008/10/16,3.15
2008/10/17,3.18
2008/10/20,3.23
2008/10/21,3.17
2008/10/22,3.11
2008/10/23,3.06
2008/10/24,3.11
2008/10/27,2.98
2008/10/28,3.1
2008/10/29,2.99
2008/10/30,3.03
2008/10/31,3.03
2008/11/3,3.03
2008/11/4,3.04
2008/11/5,3.14
2008/11/6,3.08
2008/11/7,3.12
2008/11/10,3.29
2008/11/11,3.24
2008/11/12,3.25
2008/11/13,3.34
2008/11/14,3.39
2008/11/17,3.47
2008/11/18,3.37
2008/11/19,3.48
2008/11/20,3.38
2008/11/21,3.34
2008/11/24,3.23
2008/11/25,3.22
2008/11/26,3.23
2008/11/27,3.25
2008/11/28,3.11
2008/12/1,3.14
2008/12/2,3.13
2008/12/3,3.23
2008/12/4,3.28
2008/12/5,3.29
2008/12/8,3.36
2008/12/9,3.28
2008/12/10,3.34
2008/12/11,3.26
2008/12/12,3.16
2008/12/15,3.17
2008/12/16,3.15
2008/12/17,3.14
2008/12/18,3.2
2008/12/19,3.17
2008/12/22,3.13
2008/12/23,3.08
2008/12/24,3.05
2008/12/25,3.04
2008/12/26,3.04
2008/12/29,3.02
2008/12/30,2.97
2008/12/31,2.97
2009/1/5,3.01
2009/1/6,3.06
2009/1/7,3
2009/1/8,2.94
2009/1/9,2.98
2009/1/12,2.97
2009/1/13,2.93
2009/1/14,2.99
2009/1/15,2.95
2009/1/16,3.01
2009/1/19,3.1
2009/1/20,3.06
2009/1/21,3.06
2009/1/22,3.07
2009/1/23,3.06
2009/2/2,3.07
2009/2/3,3.09
2009/2/4,3.17
2009/2/5,3.14
2009/2/6,3.28
2009/2/9,3.28
2009/2/10,3.29
2009/2/11,3.31
2009/2/12,3.27
2009/2/13,3.36
2009/2/16,3.56
2009/2/17,3.46
2009/2/18,3.28
2009/2/19,3.28
2009/2/20,3.31
2009/2/23,3.34
2009/2/24,3.2
2009/2/25,3.24
2009/2/26,3.17
2009/2/27,3.22
2009/3/2,3.21
2009/3/3,3.2
2009/3/4,3.5
2009/3/5,3.65
2009/3/6,3.6
2009/3/9,3.4
2009/3/10,3.4
2009/3/11,3.35
2009/3/12,3.34
2009/3/13,3.38
2009/3/16,3.4
2009/3/17,3.46
2009/3/18,3.43
2009/3/19,3.45
2009/3/20,3.44
2009/3/24,3.47
2009/3/25,3.4
2009/3/26,3.51
2009/3/27,3.49
2009/3/30,3.47
2009/3/31,3.46
2009/4/1,3.49
2009/4/2,3.52
2009/4/3,3.58
2009/4/7,3.58
2009/4/8,3.44
2009/4/9,3.45
2009/4/10,3.5
2009/4/13,3.56
2009/4/14,3.56
2009/4/15,3.54
2009/4/16,3.56
2009/4/17,3.52
2009/4/20,3.56
2009/4/21,3.54
2009/4/22,3.52
2009/4/23,3.48
2009/4/24,3.45
2009/4/27,3.46
2009/4/28,3.46
2009/4/29,3.53
2009/4/30,3.5
2009/5/4,3.56
2009/5/5,3.55
2009/5/6,3.57
2009/5/7,3.59
2009/5/8,3.64
2009/5/11,3.62
2009/5/12,3.63
2009/5/13,3.65
2009/5/14,3.6
2009/5/15,3.61
2009/5/18,3.61
2009/5/19,3.61
2009/5/20,3.57
2009/5/21,3.52
2009/5/22,3.53
2009/5/25,3.54
2009/5/26,3.5
2009/5/27,3.57
2009/6/1,3.67
2009/6/2,3.63
2009/6/3,3.73
2009/6/4,3.72
2009/6/5,3.69
2009/6/8,3.88
2009/6/9,3.94
2009/6/10,3.96
2009/6/11,4
2009/6/12,3.93
2009/6/15,4.12
2009/6/16,4.11
2009/6/17,4.11
2009/6/19,4.29
2009/6/22,4.5
2009/6/23,4.77
2009/6/24,4.73
2009/6/25,4.76
2009/6/26,4.63
2009/6/29,4.59
2009/6/30,4.49
2009/7/1,4.63
2009/7/2,4.66
2009/7/3,4.63
2009/7/6,4.72
2009/7/7,4.61
2009/7/8,4.52
2009/7/9,4.54
2009/7/10,4.51
2009/7/13,4.42
2009/7/14,4.49
2009/7/15,4.47
2009/7/16,4.51
2009/7/17,4.45
2009/7/20,4.47
2009/7/21,4.43
2009/7/22,4.44
2009/7/23,4.53
2009/7/24,4.49
2009/7/27,4.61
2009/7/28,4.6
2009/7/29,4.47
2009/7/30,4.63
2009/7/31,4.71
2009/8/3,4.68
2009/8/4,4.59
2009/8/5,4.54
2009/8/6,4.5
2009/8/7,4.38
2009/8/10,4.33
2009/8/11,4.36
2009/8/12,4.25
2009/8/13,4.3
2009/8/14,4.16
2009/8/17,3.95
2009/8/18,3.97
2009/8/19,3.9
2009/8/20,4.02
2009/8/21,4.07
2009/8/24,4.05
2009/8/25,3.93
2009/8/26,3.97
2009/8/27,3.97
2009/8/28,3.9
2009/8/31,3.67
2009/9/1,3.74
2009/9/2,3.83
2009/9/3,3.95
2009/9/4,3.95
2009/9/7,3.94
2009/9/8,3.99
2009/9/9,3.98
2009/9/10,3.95
2009/9/11,4.08
2009/9/14,4.08
2009/9/15,4.05
2009/9/16,4
2009/9/17,4.06
2009/9/18,3.95
2009/9/21,3.96
2009/9/22,3.9
2009/9/23,3.87
2009/9/24,3.9
2009/9/25,3.86
2009/9/28,3.84
2009/9/29,3.85
2009/9/30,3.9
2009/10/9,4
2009/10/12,3.99
2009/10/13,4.02
2009/10/14,4.04
2009/10/15,4.04
2009/10/16,3.99
2009/10/19,4.03
2009/10/20,4.11
2009/10/21,4.12
2009/10/22,4.08
2009/10/23,4.15
2009/10/26,4.14
2009/10/28,4.04
2009/10/29,3.97
2009/10/30,4.06
2009/11/2,4.14
2009/11/3,4.14
2009/11/4,4.15
2009/11/5,4.2
2009/11/6,4.17
2009/11/9,4.18
2009/11/10,4.19
2009/11/11,4.19
2009/11/12,4.16
2009/11/13,4.18
2009/11/16,4.27
2009/11/17,4.31
2009/11/18,4.38
2009/11/19,4.38
2009/11/20,4.34
2009/11/23,4.35
2009/11/24,4.24
2009/11/25,4.28
2009/11/26,4.13
2009/11/27,4.04
2009/11/30,4.12
2009/12/1,4.14
2009/12/2,4.17
2009/12/3,4.16
2009/12/4,4.3
2009/12/7,4.29
2009/12/8,4.23
2009/12/9,4.14
2009/12/10,4.17
2009/12/11,4.16
2009/12/14,4.28
2009/12/15,4.2
2009/12/16,4.21
2009/12/17,4.15
2009/12/18,4.13
2009/12/21,4.13
2009/12/22,4.1
2009/12/23,4.1
2009/12/24,4.16
2009/12/25,4.12
2009/12/28,4.16
2009/12/29,4.23
2009/12/30,4.32
2009/12/31,4.33
2010/1/4,4.29
2010/1/5,4.34
2010/1/6,4.29
2010/1/7,4.21
2010/1/8,4.23
2010/1/11,4.27
2010/1/12,4.32
2010/1/13,4.14
2010/1/14,4.16
2010/1/15,4.16
2010/1/18,4.16
2010/1/19,4.17
2010/1/20,4.1
2010/1/21,4.13
2010/1/22,4.16
2010/1/25,4.14
2010/1/26,4.16
2010/1/27,4.11
2010/1/28,4.11
2010/1/29,4.1
2010/2/1,4.03
2010/2/2,4.08
2010/2/3,4.17
2010/2/4,4.15
2010/2/5,4.13
2010/2/8,4.13
2010/2/9,4.1
2010/2/10,4.12
2010/2/11,4.11
2010/2/12,4.13
2010/2/22,4.11
2010/2/23,4.09
2010/2/24,4.11
2010/2/25,4.16
2010/2/26,4.14
2010/3/1,4.17
2010/3/2,4.16
2010/3/3,4.18
2010/3/4,4.18
2010/3/5,4.15
2010/3/8,4.15
2010/3/9,4.17
2010/3/10,4.14
2010/3/11,4.17
2010/3/12,4.15
2010/3/15,4.12
2010/3/16,4.14
2010/3/17,4.17
2010/3/18,4.15
2010/3/22,4.16
2010/3/23,4.15
2010/3/24,4.22
2010/3/25,4.16
2010/3/26,4.23
2010/3/29,4.36
2010/3/30,4.37
2010/3/31,4.29
2010/4/1,4.31
2010/4/2,4.29
2010/4/6,4.29
2010/4/7,4.26
2010/4/8,4.23
2010/4/9,4.26
2010/4/12,4.24
2010/4/13,4.29
2010/4/14,4.25
2010/4/15,4.25
2010/4/16,4.2
2010/4/19,4.05
2010/4/20,4.06
2010/4/21,4.07
2010/4/22,4.01
2010/4/23,4.04
2010/4/26,4.04
2010/4/27,4.04
2010/4/28,4.05
2010/4/29,4.11
2010/4/30,4.19
2010/5/4,4.13
2010/5/5,4.13
2010/5/6,4.05
2010/5/7,4.03
2010/5/10,4.09
2010/5/11,4.02
2010/5/12,4.06
2010/5/13,4.13
2010/5/14,4.09
2010/5/17,3.96
2010/5/18,3.95
2010/5/19,3.9
2010/5/20,3.89
2010/5/21,3.96
2010/5/24,4.01
2010/5/25,3.91
2010/5/26,3.92
2010/5/28,4.01
2010/5/31,4.09
2010/6/1,4.1
2010/6/2,3.89
2010/6/3,3.84
2010/6/4,3.64
2010/6/7,3.55
2010/6/8,3.51
2010/6/9,3.63
2010/6/10,3.55
2010/6/11,3.55
2010/6/17,3.56
2010/6/18,3.49
2010/6/21,3.59
2010/6/22,3.58
2010/6/23,3.55
2010/6/24,3.55
2010/6/25,3.55
2010/6/28,3.55
2010/6/29,3.47
2010/6/30,3.39
2010/7/1,3.39
2010/7/2,3.4
2010/7/5,3.37
2010/7/6,3.48
2010/7/7,3.48
2010/7/8,3.47
2010/7/9,3.54
2010/7/12,3.57
2010/7/13,3.51
2010/7/14,3.53
2010/7/15,3.45
2010/7/16,3.43
2010/7/19,3.46
2010/7/20,3.52
2010/7/21,3.53
2010/7/22,3.55
2010/7/23,3.57
2010/7/26,3.56
2010/7/27,3.55
2010/7/28,3.6
2010/7/29,3.61
2010/7/30,3.58
2010/8/2,3.62
2010/8/3,3.56
2010/8/4,3.55
2010/8/5,3.49
2010/8/6,3.52
2010/8/9,3.5
2010/8/10,3.44
2010/8/11,3.45
2010/8/12,3.43
2010/8/13,3.44
2010/8/16,3.48
2010/8/17,3.47
2010/8/18,3.48
2010/8/19,3.49
2010/8/23,3.44
2010/8/24,3.43
2010/8/25,3.38
2010/8/26,3.4
2010/8/27,3.38
2010/8/30,3.39
2010/8/31,3.33
2010/9/1,3.35
2010/9/2,3.37
2010/9/3,3.35
2010/9/6,3.39
2010/9/7,3.4
2010/9/8,3.37
2010/9/9,3.34
2010/9/10,3.34
2010/9/13,3.35
2010/9/14,3.33
2010/9/15,3.3
2010/9/16,3.23
2010/9/17,3.23
2010/9/20,3.22
2010/9/21,3.24
2010/9/27,3.27
2010/9/28,3.28
2010/9/29,3.33
2010/9/30,3.34
2010/10/8,3.38
2010/10/11,3.42
2010/10/12,3.42
2010/10/13,3.45
2010/10/14,3.5
2010/10/15,3.65
2010/10/18,3.62
2010/10/19,3.62
2010/10/20,3.61
2010/10/21,3.55
2010/10/22,3.5
2010/10/25,3.56
2010/10/26,3.51
2010/10/27,3.52
2010/10/28,3.55
2010/10/29,3.55
2010/11/1,3.61
2010/11/2,3.6
2010/11/11,3.5
2010/11/12,3.38
2010/11/15,3.44
2010/11/16,3.32
2010/11/17,3.32
2010/11/18,3.33
2010/11/19,3.32
2010/11/22,3.28
2010/11/23,3.28
2010/11/24,3.29
2010/11/25,3.32
2010/11/26,3.32
2010/11/29,3.31
2010/11/30,3.27
2010/12/1,3.28
2010/12/2,3.32
2010/12/3,3.3
2010/12/6,3.3
2010/12/7,3.3
2010/12/8,3.27
2010/12/9,3.27
2010/12/10,3.27
2010/12/13,3.31
2010/12/14,3.32
2010/12/15,3.3
2010/12/16,3.28
2010/12/17,3.27
2010/12/20,3.25
2010/12/21,3.27
2010/12/22,3.25
2010/12/23,3.25
2010/12/24,3.24
2010/12/27,3.23
2010/12/28,3.21
2010/12/29,3.22
2010/12/30,3.22
2010/12/31,3.23
2011/1/4,3.26
2011/1/5,3.23
2011/1/6,3.22
2011/1/7,3.27
2011/1/10,3.23
2011/1/11,3.25
2011/1/12,3.27
2011/1/13,3.28
2011/1/14,3.25
2011/1/17,3.2
2011/1/18,3.21
2011/1/19,3.21
2011/1/20,3.17
2011/1/21,3.21
2011/1/24,3.2
2011/1/25,3.23
2011/1/26,3.24
2011/1/27,3.25
2011/1/31,3.24
2011/2/1,3.24
2011/2/9,3.22
2011/2/10,3.24
2011/2/11,3.24
2011/2/14,3.29
2011/2/15,3.28
2011/2/16,3.29
2011/2/17,3.29
2011/2/18,3.28
2011/2/21,3.27
2011/2/22,3.24
2011/2/23,3.23
2011/2/24,3.23
2011/2/25,3.24
2011/2/28,3.24
2011/3/1,3.25
2011/3/2,3.27
2011/3/3,3.3
2011/3/4,3.31
2011/3/7,3.33
2011/3/8,3.34
2011/3/9,3.41
2011/3/10,3.34
2011/3/11,3.31
2011/3/14,3.27
2011/3/15,3.26
2011/3/16,3.27
2011/3/17,3.24
2011/3/18,3.23
2011/3/21,3.24
2011/3/22,3.26
2011/3/23,3.28
2011/3/24,3.29
2011/3/25,3.35
2011/3/28,3.35
2011/3/29,3.34
2011/3/30,3.36
2011/3/31,3.33
2011/4/1,3.37
2011/4/6,3.41
2011/4/7,3.41
2011/4/8,3.4
2011/4/11,3.38
2011/4/12,3.39
2011/4/13,3.43
2011/4/14,3.44
2011/4/15,3.46
2011/4/18,3.46
2011/4/19,3.4
2011/4/20,3.4
2011/4/21,3.4
2011/4/22,3.39
2011/4/25,3.36
2011/4/26,3.35
2011/4/27,3.37
2011/4/28,3.38
2011/4/29,3.37
2011/5/3,3.4
2011/5/4,3.37
2011/5/5,3.41
2011/5/6,3.39
2011/5/9,3.38
2011/5/10,3.38
2011/5/11,3.38
2011/5/12,3.36
2011/5/13,3.38
2011/5/16,3.36
2011/5/17,3.36
2011/5/18,3.39
2011/5/19,3.38
2011/5/20,3.38
2011/5/23,3.33
2011/5/24,3.31
2011/5/25,3.28
2011/5/26,3.3
2011/5/30,3.34
2011/5/31,3.34
2011/6/1,3.33
2011/6/2,3.29
2011/6/3,3.31
2011/6/7,3.33
2011/6/8,3.34
2011/6/9,3.34
2011/6/10,3.16
2011/6/13,3.14
2011/6/14,3.14
2011/6/15,3.12
2011/6/16,3.1
2011/6/17,3.09
2011/6/20,3.05
2011/6/21,3.05
2011/6/22,3.1
2011/6/23,3.17
2011/6/24,3.25
2011/6/27,3.22
2011/6/28,3.19
2011/6/29,3.15
2011/6/30,3.14
2011/7/1,3.14
2011/7/4,3.17
2011/7/5,3.16
2011/7/6,3.12
2011/7/7,3.11
2011/7/8,3.13
2011/7/11,3.13
2011/7/12,3.09
2011/7/13,3.13
2011/7/14,3.13
2011/7/15,3.12
2011/7/18,3.11
2011/7/19,3.1
2011/7/20,3.09
2011/7/21,3.08
2011/7/22,3.09
2011/7/25,3.05
2011/7/26,3.06
2011/7/27,3.05
2011/7/28,3.03
2011/7/29,3.08
2011/8/1,3.05
2011/8/2,3.03
2011/8/3,3.02
2011/8/4,3.03
2011/8/5,2.99
2011/8/8,2.93
2011/8/9,2.94
2011/8/10,2.95
2011/8/11,2.97
2011/8/12,2.98
2011/8/15,3
2011/8/16,2.99
2011/8/17,2.99
2011/8/18,2.96
2011/8/19,2.94
2011/8/22,2.93
2011/8/23,2.96
2011/8/24,2.95
2011/8/25,3.02
2011/8/26,3
2011/8/29,2.97
2011/8/30,2.99
2011/8/31,3
2011/9/1,3
2011/9/2,2.97
2011/9/5,2.93
2011/9/6,2.92
2011/9/7,2.95
2011/9/8,2.94
2011/9/9,2.95
2011/9/13,2.94
2011/9/14,2.93
2011/9/15,2.93
2011/9/16,2.95
2011/9/19,2.91
2011/9/20,2.91
2011/9/21,2.94
2011/9/22,2.89
2011/9/23,2.89
2011/9/26,2.85
2011/9/27,2.88
2011/9/28,2.86
2011/9/29,2.85
2011/9/30,2.85
2011/10/10,2.87
2011/10/11,2.93
2011/10/12,2.97
2011/10/13,2.99
2011/10/14,3
2011/10/17,3.01
2011/10/18,3.02
2011/10/19,2.99
2011/10/20,2.95
2011/10/21,2.96
2011/10/24,3
2011/10/25,3.01
2011/10/26,3.01
2011/10/27,3.01
2011/10/28,3.02
2011/10/31,3
2011/11/1,3
2011/11/2,3.02
2011/11/3,3.02
2011/11/4,3.04
2011/11/7,3.02
2011/11/8,3.01
2011/11/9,3.01
2011/11/10,2.99
2011/11/11,2.99
2011/11/14,3.02
2011/11/15,3
2011/11/16,2.95
2011/11/17,2.96
2011/11/18,2.93
2011/11/21,2.91
2011/11/22,2.91
2011/11/23,2.89
2011/11/24,2.9
2011/11/25,2.89
2011/11/28,2.9
2011/11/29,2.93
2011/11/30,2.88
2011/12/1,2.95
2011/12/2,2.95
2011/12/5,2.96
2011/12/6,2.93
2011/12/7,2.91
2011/12/8,2.92
2011/12/9,2.92
2011/12/12,2.9
2011/12/13,2.89
2011/12/14,2.87
2011/12/15,2.86
2011/12/16,2.93
2011/12/19,2.92
2011/12/20,2.91
2011/12/21,2.91
2011/12/22,2.89
2011/12/23,2.9
2011/12/26,2.88
2011/12/27,2.88
2011/12/28,2.89
2011/12/29,2.91
2011/12/30,2.92
2012/1/4,2.91
2012/1/5,2.96
2012/1/9,2.98
2012/1/10,2.99
2012/1/11,2.98
2012/1/12,2.98
2012/1/13,2.98
2012/1/16,2.97
2012/1/17,3.01
2012/1/18,2.98
2012/1/19,3.01
2012/1/20,3.03
2012/1/30,2.99
2012/1/31,3
2012/2/1,2.98
2012/2/2,3.04
2012/2/3,3.06
2012/2/6,3.03
2012/2/7,3
2012/2/8,3.04
2012/2/9,3.05
2012/2/10,3.04
2012/2/13,3.03
2012/2/14,3.02
2012/2/15,3.02
2012/2/16,3.01
2012/2/17,3.02
2012/2/20,3.03
2012/2/21,3.08
2012/2/22,3.06
2012/2/23,3.05
2012/2/24,3.07
2012/2/27,3.06
2012/2/28,3.07
2012/2/29,3.07
2012/3/1,3.06
2012/3/2,3.07
2012/3/6,3.02
2012/3/7,3.01
2012/3/8,3.02
2012/3/9,3.01
2012/3/12,3.01
2012/3/13,3.03
2012/3/14,3.04
2012/3/15,3.03
2012/3/16,3.02
2012/3/19,3.01
2012/3/20,2.99
2012/3/21,2.98
2012/3/22,2.98
2012/3/23,2.95
2012/3/26,2.94
2012/3/27,2.95
2012/3/28,2.93
2012/3/29,2.92
2012/3/30,2.98
2012/4/5,3
2012/4/6,3.02
2012/4/9,3.01
2012/4/10,3.02
2012/4/11,3.03
2012/4/12,3.05
2012/4/13,3.06
2012/4/16,3.04
2012/4/17,3.05
2012/4/18,3.08
2012/4/19,3.05
2012/4/20,3.06
2012/4/23,3.06
2012/4/24,3.07
2012/4/25,3.05
2012/4/26,3.05
2012/4/27,3.05
2012/5/2,3.07
2012/5/3,3.06
2012/5/4,3.06
2012/5/7,3.08
2012/5/8,3.07
2012/5/9,3.05
2012/5/10,3.07
2012/5/11,3.06
2012/5/14,3.03
2012/5/15,3.02
2012/5/16,3
2012/5/17,3.01
2012/5/18,2.99
2012/5/21,3
2012/5/22,2.99
2012/5/23,2.99
2012/5/24,3
2012/5/25,3
2012/5/28,3.02
2012/5/29,3.03
2012/5/31,3.03
2012/6/1,3.03
2012/6/4,3
2012/6/5,3.01
2012/6/6,3.02
2012/6/7,3.01
2012/6/8,3
2012/6/11,3.02
2012/6/12,3.01
2012/6/13,2.86
2012/6/14,2.83
2012/6/15,2.85
2012/6/18,2.85
2012/6/19,2.85
2012/6/20,2.85
2012/6/21,2.84
2012/6/25,2.83
2012/6/26,2.83
2012/6/27,2.82
2012/6/28,2.81
2012/6/29,2.82
2012/7/2,2.81
2012/7/3,2.81
2012/7/4,2.82
2012/7/5,2.82
2012/7/6,2.81
2012/7/9,2.81
2012/7/10,2.79
2012/7/11,2.78
2012/7/12,2.76
2012/7/13,2.77
2012/7/16,2.75
2012/7/17,2.75
2012/7/18,2.77
2012/7/19,2.76
2012/7/20,2.74
2012/7/23,2.7
2012/7/24,2.68
2012/7/25,2.69
2012/7/26,2.69
2012/7/27,2.72
2012/7/30,2.72
2012/7/31,2.73
2012/8/1,2.76
2012/8/2,2.75
2012/8/3,2.76
2012/8/6,2.75
2012/8/7,2.74
2012/8/8,2.78
2012/8/9,2.76
2012/8/10,2.77
2012/8/13,2.77
2012/8/14,2.78
2012/8/15,2.76
2012/8/16,2.77
2012/8/17,2.77
2012/8/20,2.78
2012/8/21,2.76
2012/8/22,2.79
2012/8/23,2.78
2012/8/24,2.78
2012/8/27,2.77
2012/8/28,2.77
2012/8/29,2.77
2012/8/30,2.8
2012/8/31,2.78
2012/9/3,2.75
2012/9/4,2.75
2012/9/5,2.7
2012/9/6,2.7
2012/9/7,2.74
2012/9/10,2.74
2012/9/11,2.72
2012/9/12,2.71
2012/9/13,2.69
2012/9/14,2.7
2012/9/17,2.67
2012/9/18,2.66
2012/9/19,2.65
2012/9/20,2.63
2012/9/21,2.63
2012/9/24,2.62
2012/9/25,2.61
2012/9/26,2.58
2012/9/27,2.66
2012/9/28,2.7
2012/10/8,2.71
2012/10/9,2.74
2012/10/10,2.73
2012/10/11,2.74
2012/10/12,2.74
2012/10/15,2.75
2012/10/16,2.74
2012/10/17,2.75
2012/10/18,2.76
2012/10/19,2.74
2012/10/22,2.74
2012/10/23,2.74
2012/10/24,2.75
2012/10/25,2.74
2012/10/26,2.71
2012/10/29,2.72
2012/10/30,2.73
2012/10/31,2.73
2012/11/1,2.77
2012/11/2,2.79
2012/11/5,2.77
2012/11/6,2.8
2012/11/7,2.81
2012/11/8,2.82
2012/11/9,2.83
2012/11/12,2.83
2012/11/13,2.83
2012/11/14,2.83
2012/11/15,2.81
2012/11/16,2.75
2012/11/19,2.76
2012/11/20,2.78
2012/11/21,2.75
2012/11/22,2.76
2012/11/23,2.76
2012/11/26,2.74
2012/11/27,2.75
2012/11/28,2.75
2012/11/29,2.76
2012/11/30,2.76
2012/12/3,2.74
2012/12/4,2.74
2012/12/5,2.77
2012/12/6,2.77
2012/12/7,2.79
2012/12/10,2.83
2012/12/11,2.84
2012/12/12,2.84
2012/12/13,2.83
2012/12/14,2.92
2012/12/17,2.89
2012/12/18,2.9
2012/12/19,2.89
2012/12/20,2.87
2012/12/21,2.85
2012/12/24,2.86
2012/12/25,2.92
2012/12/26,2.89
2012/12/27,2.87
2012/12/28,2.89
2012/12/31,2.92
2013/1/4,2.96
2013/1/7,2.95
2013/1/8,2.94
2013/1/9,2.93
2013/1/10,2.94
2013/1/11,2.93
2013/1/14,2.98
2013/1/15,2.97
2013/1/16,2.95
2013/1/17,2.95
2013/1/18,2.97
2013/1/21,2.96
2013/1/22,2.98
2013/1/23,2.97
2013/1/24,2.99
2013/1/25,2.96
2013/1/28,3.02
2013/1/29,3.03
2013/1/30,3.11
2013/1/31,3.12
2013/2/1,3.17
2013/2/4,3.22
2013/2/5,3.16
2013/2/6,3.15
2013/2/7,3.08
2013/2/8,3.09
2013/2/18,3.08
2013/2/19,3.05
2013/2/20,3.04
2013/2/21,2.97
2013/2/22,2.97
2013/2/25,2.98
2013/2/26,2.96
2013/2/27,2.98
2013/2/28,3.01
2013/3/1,2.99
2013/3/4,2.91
2013/3/5,2.97
2013/3/6,2.97
2013/3/7,2.94
2013/3/8,2.95
2013/3/11,2.95
2013/3/12,2.95
2013/3/13,2.92
2013/3/14,2.94
2013/3/15,2.97
2013/3/18,2.92
2013/3/19,2.92
2013/3/20,2.98
2013/3/21,2.98
2013/3/22,2.98
2013/3/25,2.99
2013/3/26,2.99
2013/3/27,2.98
2013/3/28,2.9
2013/3/29,2.92
2013/4/1,2.91
2013/4/2,2.93
2013/4/3,2.94
2013/4/8,2.91
2013/4/9,2.91
2013/4/10,2.91
2013/4/11,2.91
2013/4/15,2.91
2013/4/16,2.89
2013/4/17,2.88
2013/4/18,2.88
2013/4/19,2.92
2013/4/22,2.91
2013/4/23,2.87
2013/4/24,2.9
2013/4/25,2.9
2013/4/26,2.87
2013/5/2,2.86
2013/5/3,2.89
2013/5/6,2.9
2013/5/7,2.9
2013/5/8,2.91
2013/5/9,2.9
2013/5/10,2.91
2013/5/13,2.9
2013/5/14,2.88
2013/5/15,2.89
2013/5/16,2.91
2013/5/17,2.93
2013/5/20,2.96
2013/5/21,2.96
2013/5/22,2.96
2013/5/23,2.93
2013/5/24,2.94
2013/5/28,2.98
2013/5/29,2.97
2013/5/30,2.96
2013/5/31,2.95
2013/6/3,2.96
2013/6/4,2.95
2013/6/5,2.95
2013/6/6,2.93
2013/6/7,2.91
2013/6/13,2.88
2013/6/14,2.9
2013/6/17,2.92
2013/6/18,2.73
2013/6/19,2.7
2013/6/20,2.64
2013/6/21,2.62
2013/6/24,2.54
2013/6/25,2.57
2013/6/26,2.58
2013/6/27,2.65
2013/6/28,2.71
2013/7/1,2.72
2013/7/2,2.7
2013/7/3,2.66
2013/7/4,2.65
2013/7/5,2.64
2013/7/8,2.61
2013/7/9,2.64
2013/7/10,2.65
2013/7/11,2.72
2013/7/12,2.68
2013/7/15,2.69
2013/7/16,2.69
2013/7/17,2.68
2013/7/18,2.66
2013/7/19,2.64
2013/7/22,2.65
2013/7/23,2.67
2013/7/24,2.67
2013/7/25,2.68
2013/7/26,2.66
2013/7/29,2.62
2013/7/30,2.66
2013/7/31,2.66
2013/8/1,2.69
2013/8/2,2.68
2013/8/5,2.69
2013/8/6,2.69
2013/8/7,2.67
2013/8/8,2.66
2013/8/9,2.66
2013/8/12,2.69
2013/8/13,2.68
2013/8/14,2.69
2013/8/15,2.68
2013/8/16,2.7
2013/8/19,2.7
2013/8/20,2.66
2013/8/21,2.65
2013/8/22,2.63
2013/8/23,2.62
2013/8/26,2.64
2013/8/27,2.64
2013/8/28,2.63
2013/8/29,2.63
2013/8/30,2.65
2013/9/2,2.65
2013/9/3,2.67
2013/9/4,2.67
2013/9/5,2.67
2013/9/6,2.68
2013/9/9,2.85
2013/9/10,2.84
2013/9/11,2.81
2013/9/12,2.87
2013/9/13,2.83
2013/9/16,2.83
2013/9/17,2.78
2013/9/18,2.77
2013/9/23,2.78
2013/9/24,2.77
2013/9/25,2.79
2013/9/26,2.77
2013/9/27,2.78
2013/9/30,2.78
2013/10/8,2.79
2013/10/9,2.82
2013/10/10,2.8
2013/10/11,2.84
2013/10/14,2.83
2013/10/15,2.79
2013/10/16,2.8
2013/10/17,2.81
2013/10/18,2.8
2013/10/21,2.85
2013/10/22,2.82
2013/10/23,2.82
2013/10/24,2.79
2013/10/25,2.78
2013/10/28,2.78
2013/10/29,2.81
2013/10/30,2.82
2013/10/31,2.82
2013/11/1,2.83
2013/11/4,2.83
2013/11/5,2.81
2013/11/6,2.78
2013/11/7,2.8
2013/11/8,2.79
2013/11/11,2.8
2013/11/12,2.81
2013/11/13,2.78
2013/11/14,2.79
2013/11/15,2.8
2013/11/18,2.83
2013/11/19,2.82
2013/11/20,2.83
2013/11/21,2.84
2013/11/22,2.83
2013/11/25,2.81
2013/11/26,2.8
2013/11/27,2.81
2013/11/28,2.81
2013/11/29,2.81
2013/12/2,2.87
2013/12/3,2.83
2013/12/4,2.84
2013/12/5,2.83
2013/12/6,2.83
2013/12/9,2.82
2013/12/10,2.82
2013/12/11,2.79
2013/12/12,2.79
2013/12/13,2.76
2013/12/16,2.72
2013/12/17,2.7
2013/12/18,2.7
2013/12/19,2.68
2013/12/20,2.62
2013/12/23,2.66
2013/12/24,2.65
2013/12/25,2.66
2013/12/26,2.63
2013/12/27,2.66
2013/12/30,2.61
2013/12/31,2.62
2014/1/2,2.61
2014/1/3,2.56
2014/1/6,2.53
2014/1/7,2.52
2014/1/8,2.51
2014/1/9,2.5
2014/1/10,2.49
2014/1/13,2.52
2014/1/14,2.51
2014/1/15,2.51
2014/1/16,2.5
2014/1/17,2.48
2014/1/20,2.47
2014/1/21,2.47
2014/1/22,2.51
2014/1/23,2.48
2014/1/24,2.49
2014/1/27,2.48
2014/1/28,2.49
2014/1/29,2.53
2014/1/30,2.51
2014/2/7,2.49
2014/2/10,2.51
2014/2/11,2.55
2014/2/12,2.54
2014/2/13,2.55
2014/2/14,2.54
2014/2/17,2.55
2014/2/18,2.54
2014/2/19,2.63
2014/2/20,2.61
2014/2/21,2.58
2014/2/24,2.53
2014/2/25,2.54
2014/2/26,2.51
2014/2/27,2.53
2014/2/28,2.51
2014/3/3,2.5
2014/3/4,2.5
2014/3/5,2.49
2014/3/6,2.5
2014/3/7,2.49
2014/3/10,2.46
2014/3/11,2.46
2014/3/12,2.45
2014/3/13,2.49
2014/3/14,2.47
2014/3/17,2.48
2014/3/18,2.47
2014/3/19,2.47
2014/3/20,2.46
2014/3/21,2.53
2014/3/24,2.54
2014/3/25,2.54
2014/3/26,2.54
2014/3/27,2.56
2014/3/28,2.58
2014/3/31,2.59
2014/4/1,2.59
2014/4/2,2.6
2014/4/3,2.58
2014/4/4,2.6
2014/4/8,2.64
2014/4/9,2.63
2014/4/10,2.67
2014/4/11,2.68
2014/4/14,2.67
2014/4/15,2.62
2014/4/16,2.63
2014/4/17,2.63
2014/4/18,2.63
2014/4/21,2.6
2014/4/22,2.63
2014/4/23,2.61
2014/4/24,2.6
2014/4/25,2.61
2014/4/28,2.62
2014/4/29,2.61
2014/4/30,2.6
2014/5/5,2.6
2014/5/6,2.59
2014/5/7,2.6
2014/5/8,2.61
2014/5/9,2.61
2014/5/12,2.64
2014/5/13,2.65
2014/5/14,2.65
2014/5/15,2.65
2014/5/16,2.65
2014/5/19,2.65
2014/5/20,2.65
2014/5/21,2.66
2014/5/22,2.67
2014/5/23,2.68
2014/5/26,2.69
2014/5/27,2.68
2014/5/28,2.69
2014/5/29,2.69
2014/5/30,2.67
2014/6/3,2.72
2014/6/4,2.72
2014/6/5,2.73
2014/6/6,2.7
2014/6/9,2.72
2014/6/10,2.74
2014/6/11,2.74
2014/6/12,2.76
2014/6/13,2.8
2014/6/16,2.81
2014/6/17,2.78
2014/6/18,2.76
2014/6/19,2.72
2014/6/20,2.75
2014/6/23,2.73
2014/6/24,2.75
2014/6/25,2.77
2014/6/26,2.77
2014/6/27,2.54
2014/6/30,2.55
2014/7/1,2.56
2014/7/2,2.58
2014/7/3,2.59
2014/7/4,2.59
2014/7/7,2.58
2014/7/8,2.58
2014/7/9,2.56
2014/7/10,2.54
2014/7/11,2.55
2014/7/14,2.56
2014/7/15,2.57
2014/7/16,2.57
2014/7/17,2.57
2014/7/18,2.57
2014/7/21,2.57
2014/7/22,2.57
2014/7/23,2.56
2014/7/24,2.59
2014/7/25,2.61
2014/7/28,2.7
2014/7/29,2.72
2014/7/30,2.68
2014/7/31,2.71
2014/8/1,2.71
2014/8/4,2.73
2014/8/5,2.72
2014/8/6,2.71
2014/8/7,2.68
2014/8/8,2.69
2014/8/11,2.71
2014/8/12,2.7
2014/8/13,2.7
2014/8/14,2.69
2014/8/15,2.7
2014/8/18,2.7
2014/8/19,2.69
2014/8/20,2.7
2014/8/21,2.69
2014/8/22,2.71
2014/8/25,2.7
2014/8/26,2.68
2014/8/27,2.67
2014/8/28,2.63
2014/8/29,2.68
2014/9/1,2.66
2014/9/2,2.69
2014/9/3,2.71
2014/9/4,2.72
2014/9/5,2.74
2014/9/9,2.73
2014/9/10,2.71
2014/9/11,2.7
2014/9/12,2.72
2014/9/15,2.71
2014/9/16,2.72
2014/9/17,2.7
2014/9/18,2.72
2014/9/19,2.72
2014/9/22,2.67
2014/9/23,2.68
2014/9/24,2.7
2014/9/25,2.7
2014/9/26,2.69
2014/9/29,2.68
2014/9/30,2.7
2014/10/8,2.69
2014/10/9,2.7
2014/10/10,2.69
2014/10/13,2.67
2014/10/14,2.66
2014/10/15,2.67
2014/10/16,2.67
2014/10/17,2.67
2014/10/20,2.68
2014/10/21,2.67
2014/10/22,2.68
2014/10/23,2.67
2014/10/24,2.66
2014/10/27,2.61
2014/10/28,2.64
2014/10/29,2.69
2014/10/30,2.71
2014/10/31,2.8
2014/11/3,2.78
2014/11/4,2.79
2014/11/5,2.76
2014/11/6,2.75
2014/11/7,2.77
2014/11/10,2.86
2014/11/11,3.15
2014/11/12,3.08
2014/11/13,3.1
2014/11/14,3.09
2014/11/17,3.02
2014/11/18,2.93
2014/11/19,2.92
2014/11/20,2.92
2014/11/21,2.95
2014/11/24,2.94
2014/11/25,2.97
2014/11/26,3.05
2014/11/27,3.08
2014/11/28,3.33
2014/12/1,3.38
2014/12/2,3.56
2014/12/3,3.41
2014/12/4,3.53
2014/12/5,3.69
2014/12/8,3.66
2014/12/9,3.33
2014/12/10,3.39
2014/12/11,3.34
2014/12/12,3.34
2014/12/15,3.29
2014/12/16,3.4
2014/12/17,3.54
2014/12/18,3.46
2014/12/19,3.54
2014/12/22,3.89
2014/12/23,3.72
2014/12/24,3.57
2014/12/25,3.72
2014/12/26,3.82
2014/12/29,3.85
2014/12/30,3.94
2014/12/31,4.15
2015/1/5,4.42
2015/1/6,4.56
2015/1/7,4.54
2015/1/8,4.33
2015/1/9,4.47
2015/1/12,4.4
2015/1/13,4.44
2015/1/14,4.59
2015/1/15,4.87
2015/1/16,4.98
2015/1/19,4.48
2015/1/20,4.45
2015/1/21,4.89
2015/1/22,4.84
2015/1/23,4.84
2015/1/26,4.78
2015/1/27,4.63
2015/1/28,4.55
2015/1/29,4.4
2015/1/30,4.4
2015/2/2,4.13
2015/2/3,4.28
2015/2/4,4.13
2015/2/5,4.13
2015/2/6,4.01
2015/2/9,4.03
2015/2/10,4.1
2015/2/11,4.07
2015/2/12,4.06
2015/2/13,4.11
2015/2/16,4.09
2015/2/17,4.1
2015/2/25,4.05
2015/2/26,4.14
2015/2/27,4.11
2015/3/2,4.11
2015/3/3,3.97
2015/3/4,3.91
2015/3/5,3.8
2015/3/6,3.83
2015/3/9,4.03
2015/3/10,3.93
2015/3/11,4.01
2015/3/12,4.18
2015/3/13,4.15
2015/3/16,4.18
2015/3/17,4.21
2015/3/18,4.33
2015/3/19,4.27
2015/3/20,4.38
2015/3/23,4.43
2015/3/24,4.44
2015/3/25,4.3
2015/3/26,4.31
2015/3/27,4.32
2015/3/30,4.46
2015/3/31,4.38
2015/4/1,4.41
2015/4/2,4.36
2015/4/3,4.37
2015/4/7,4.47
2015/4/8,4.53
2015/4/9,4.49
2015/4/10,4.56
2015/4/13,4.68
2015/4/14,4.63
2015/4/15,4.71
2015/4/16,4.8
2015/4/17,4.93
2015/4/20,4.74
2015/4/21,4.78
2015/4/22,4.86
2015/4/23,4.8
2015/4/24,4.66
2015/4/27,4.81
2015/4/28,5.06
2015/4/29,4.97
2015/4/30,4.84
2015/5/4,4.83
2015/5/5,4.59
2015/5/6,4.51
2015/5/7,4.43
2015/5/8,4.49
2015/5/11,4.56
2015/5/12,4.58
2015/5/13,4.56
2015/5/14,4.55
2015/5/15,4.44
2015/5/18,4.33
2015/5/19,4.46
2015/5/20,4.44
2015/5/21,4.44
2015/5/22,4.57
2015/5/25,4.67
2015/5/26,4.68
2015/5/27,4.65
2015/5/28,4.38
2015/5/29,4.33
2015/6/1,4.5
2015/6/2,4.48
2015/6/3,4.48
2015/6/4,4.71
2015/6/5,4.7
2015/6/8,5.17
2015/6/9,5.29
2015/6/10,5.15
2015/6/11,5.01
2015/6/12,5.1
2015/6/15,4.96
2015/6/16,4.83
2015/6/17,4.95
2015/6/18,4.73
2015/6/19,4.53
2015/6/23,4.72
2015/6/24,4.8
2015/6/25,4.74
2015/6/26,4.53
2015/6/29,4.56
2015/6/30,4.89
2015/7/1,4.75
2015/7/2,5.01
2015/7/3,4.46
2015/7/6,4.9
2015/7/7,5.39
2015/7/8,5.59
2015/7/9,5.6
2015/7/10,5.53
2015/7/13,5.21
2015/7/14,5.23
2015/7/15,5.37
2015/7/16,5.23
2015/7/17,5.17
2015/7/20,5.16
2015/7/21,5.08
2015/7/22,5.04
2015/7/23,5.06
2015/7/24,5.01
2015/7/27,4.63
2015/7/28,4.67
2015/7/29,4.63
2015/7/30,4.52
2015/7/31,4.45
2015/8/3,4.45
2015/8/4,4.48
2015/8/5,4.39
2015/8/6,4.36
2015/8/7,4.39
2015/8/10,4.49
2015/8/11,4.45
2015/8/12,4.38
2015/8/13,4.39
2015/8/14,4.37
2015/8/17,4.33
2015/8/18,4.26
2015/8/19,4.2
2015/8/20,4.18
2015/8/21,4.15
2015/8/24,3.8
2015/8/25,3.49
2015/8/26,3.66
2015/8/27,3.89
2015/8/28,3.89
2015/8/31,3.86
2015/9/1,4.05
2015/9/2,4.24
2015/9/7,3.96
2015/9/8,3.98
2015/9/9,4
2015/9/10,4
2015/9/11,3.93
2015/9/14,3.93
2015/9/15,3.91
2015/9/16,3.94
2015/9/17,3.89
2015/9/18,3.86
2015/9/21,3.85
2015/9/22,3.87
2015/9/23,3.8
2015/9/24,3.79
2015/9/25,3.83
2015/9/28,3.8
2015/9/29,3.72
2015/9/30,3.72
2015/10/8,3.78
2015/10/9,3.8
2015/10/12,3.87
2015/10/13,3.84
2015/10/14,3.85
2015/10/15,3.89
2015/10/16,3.92
2015/10/19,3.91
2015/10/20,3.91
2015/10/21,4.03
2015/10/22,3.94
2015/10/23,3.95
2015/10/26,3.94
2015/10/27,3.92
2015/10/28,3.91
2015/10/29,3.89
2015/10/30,3.88
2015/11/2,3.85
2015/11/3,3.81
2015/11/4,3.93
2015/11/5,4
2015/11/6,4.01
2015/11/9,4.19
2015/11/10,4.15
2015/11/11,4.1
2015/11/12,4.05
2015/11/13,4.02
2015/11/16,4.05
2015/11/17,4.06
2015/11/18,4.07
2015/11/19,4.08
2015/11/20,4.05
2015/11/23,4.02
2015/11/24,4.04
2015/11/25,4.08
2015/11/26,4.07
2015/11/27,3.95
2015/11/30,4.11
2015/12/1,4.02
2015/12/2,4.18
2015/12/3,4.34
2015/12/4,4.17
2015/12/7,4.12
2015/12/8,4.06
2015/12/9,4.11
2015/12/10,4.07
2015/12/11,4.04
2015/12/14,4.1
2015/12/15,4.04
2015/12/16,4.04
2015/12/17,4.07
2015/12/18,4.08
2015/12/21,4.12
2015/12/22,4.09
2015/12/23,4.08
2015/12/24,4.06
2015/12/25,4.06
2015/12/28,4.02
2015/12/29,4.04
2015/12/30,4.03
2015/12/31,4.01
2016/1/4,3.87
2016/1/5,3.86
2016/1/6,3.89
2016/1/7,3.79
2016/1/8,3.8
2016/1/11,3.65
2016/1/12,3.63
2016/1/13,3.58
2016/1/14,3.59
2016/1/15,3.48
2016/1/18,3.46
2016/1/19,3.53
2016/1/20,3.47
2016/1/21,3.43
2016/1/22,3.45
2016/1/25,3.44
2016/1/26,3.24
2016/1/27,3.22
2016/1/28,3.16
2016/1/29,3.22
2016/2/1,3.17
2016/2/2,3.2
2016/2/3,3.17
2016/2/4,3.19
2016/2/5,3.18
2016/2/15,3.13
2016/2/16,3.23
2016/2/17,3.24
2016/2/18,3.23
2016/2/19,3.22
2016/2/22,3.29
2016/2/23,3.24
2016/2/24,3.24
2016/2/25,3.12
2016/2/26,3.15
2016/2/29,3.17
2016/3/1,3.2
2016/3/2,3.26
2016/3/3,3.28
2016/3/4,3.4
2016/3/7,3.39
2016/3/8,3.4
2016/3/9,3.43
2016/3/10,3.35
2016/3/11,3.4
2016/3/14,3.4
2016/3/15,3.38
2016/3/16,3.44
2016/3/17,3.43
2016/3/18,3.43
2016/3/21,3.43
2016/3/22,3.4
2016/3/23,3.39
2016/3/24,3.35
2016/3/25,3.36
2016/3/28,3.35
2016/3/29,3.34
2016/3/30,3.4
2016/3/31,3.4
2016/4/1,3.41
2016/4/5,3.43
2016/4/6,3.42
2016/4/7,3.38
2016/4/8,3.36
2016/4/11,3.39
2016/4/12,3.39
2016/4/13,3.42
2016/4/14,3.42
2016/4/15,3.42
2016/4/18,3.39
2016/4/19,3.38
2016/4/20,3.36
2016/4/21,3.34
2016/4/22,3.35
2016/4/25,3.35
2016/4/26,3.36
2016/4/27,3.35
2016/4/28,3.37
2016/4/29,3.35
2016/5/3,3.37
2016/5/4,3.37
2016/5/5,3.37
2016/5/6,3.33
2016/5/9,3.28
2016/5/10,3.27
2016/5/11,3.27
2016/5/12,3.25
2016/5/13,3.25
2016/5/16,3.25
2016/5/17,3.24
2016/5/18,3.24
2016/5/19,3.23
2016/5/20,3.24
2016/5/23,3.26
2016/5/24,3.24
2016/5/25,3.23
2016/5/26,3.23
2016/5/27,3.24
2016/5/30,3.27
2016/5/31,3.36
2016/6/1,3.34
2016/6/2,3.33
2016/6/3,3.34
2016/6/6,3.34
2016/6/7,3.35
2016/6/8,3.36
2016/6/13,3.3
2016/6/14,3.32
2016/6/15,3.32
2016/6/16,3.3
2016/6/17,3.31
2016/6/20,3.32
2016/6/21,3.34
2016/6/22,3.36
2016/6/23,3.37
2016/6/24,3.16
2016/6/27,3.18
2016/6/28,3.17
2016/6/29,3.19
2016/6/30,3.21
2016/7/1,3.22
2016/7/4,3.25
2016/7/5,3.25
2016/7/6,3.25
2016/7/7,3.26
2016/7/8,3.23
2016/7/11,3.25
2016/7/12,3.3
2016/7/13,3.34
2016/7/14,3.32
2016/7/15,3.33
2016/7/18,3.34
2016/7/19,3.32
2016/7/20,3.3
2016/7/21,3.3
2016/7/22,3.3
2016/7/25,3.33
2016/7/26,3.36
2016/7/27,3.34
2016/7/28,3.33
2016/7/29,3.34
2016/8/1,3.35
2016/8/2,3.36
2016/8/3,3.34
2016/8/4,3.32
2016/8/5,3.33
2016/8/8,3.34
2016/8/9,3.36
2016/8/10,3.35
2016/8/11,3.4
2016/8/12,3.5
2016/8/15,3.56
2016/8/16,3.45
2016/8/17,3.44
2016/8/18,3.42
2016/8/19,3.43
2016/8/22,3.45
2016/8/23,3.46
2016/8/24,3.46
2016/8/25,3.46
2016/8/26,3.45
2016/8/29,3.43
2016/8/30,3.45
2016/8/31,3.47
2016/9/6,3.46
2016/9/7,3.45
2016/9/8,3.45
2016/9/9,3.44
2016/9/12,3.38
2016/9/13,3.38
2016/9/14,3.34
2016/9/19,3.35
2016/9/20,3.34
2016/9/21,3.38
2016/9/22,3.39
2016/9/23,3.4
2016/9/26,3.37
2016/9/27,3.38
2016/9/28,3.36
2016/9/29,3.37
2016/9/30,3.37
2016/10/10,3.4
2016/10/11,3.4
2016/10/12,3.39
2016/10/13,3.38
2016/10/14,3.38
2016/10/17,3.36
2016/10/18,3.39
2016/10/19,3.38
2016/10/20,3.39
2016/10/21,3.4
2016/10/24,3.43
2016/10/25,3.44
2016/10/26,3.41
2016/10/27,3.39
2016/10/28,3.41
2016/10/31,3.39
2016/11/1,3.4
2016/11/2,3.38
2016/11/3,3.38
2016/11/4,3.37
2016/11/7,3.36
2016/11/8,3.38
2016/11/9,3.36
2016/11/10,3.38
2016/11/11,3.38
2016/11/14,3.4
2016/11/15,3.39
2016/11/16,3.39
2016/11/17,3.39
2016/11/18,3.38
2016/11/21,3.41
2016/11/22,3.43
2016/11/23,3.45
2016/11/24,3.45
2016/11/25,3.49
2016/11/28,3.54
2016/11/29,3.56
2016/11/30,3.51
2016/12/1,3.52
2016/12/2,3.51
2016/12/5,3.51
2016/12/6,3.5
2016/12/7,3.5
2016/12/8,3.52
2016/12/9,3.59
2016/12/12,3.64
2016/12/13,3.58
